run_id,iteration,best_sharpe,seed
0,0,1.473563,42
0,1,1.473563,42
0,2,1.473563,42
0,3,1.473563,42
0,4,1.473563,42
0,5,1.473563,42
0,6,1.473563,42
0,7,1.473563,42
0,8,1.473563,42
0,9,1.473563,42
0,10,1.473563,42
0,11,1.473563,42
0,12,1.473563,42
0,13,1.473563,42
0,14,1.473563,42
0,15,1.473563,42
0,16,1.473563,42
0,17,1.473563,42
0,18,1.473563,42
0,19,1.473563,42
0,20,1.473563,42
0,21,1.473563,42
0,22,1.473563,42
0,23,1.473563,42
0,24,1.473563,42
0,25,1.473563,42
0,26,1.473563,42
0,27,1.473563,42
0,28,1.473563,42
0,29,1.473563,42
0,30,1.473563,42
0,31,1.473563,42
0,32,1.473563,42
0,33,1.473563,42
0,34,1.473563,42
0,35,1.473563,42
0,36,1.473563,42
0,37,1.473563,42
0,38,1.473563,42
0,39,1.473563,42
0,40,1.473563,42
0,41,1.473563,42
0,42,1.473563,42
0,43,1.473563,42
0,44,1.473563,42
0,45,1.473563,42
0,46,1.473563,42
0,47,1.473563,42
0,48,1.473563,42
0,49,1.473563,42
0,50,1.473563,42
0,51,1.473563,42
0,52,1.473563,42
0,53,1.473563,42
0,54,1.473563,42
0,55,1.473563,42
0,56,1.473563,42
0,57,1.473563,42
0,58,1.473563,42
0,59,1.473563,42
0,60,1.473563,42
0,61,1.473563,42
0,62,1.473563,42
0,63,1.473563,42
0,64,1.473563,42
0,65,1.473563,42
0,66,1.473563,42
0,67,1.473563,42
0,68,1.473563,42
0,69,1.473563,42
0,70,1.473563,42
0,71,1.473563,42
0,72,1.473563,42
0,73,1.473563,42
0,74,1.473563,42
0,75,1.473563,42
0,76,1.473563,42
0,77,1.473563,42
0,78,1.473563,42
0,79,1.473563,42
0,80,1.473563,42
0,81,1.473563,42
0,82,1.473563,42
0,83,1.473563,42
0,84,1.473563,42
0,85,1.473563,42
0,86,1.473563,42
0,87,1.473563,42
0,88,1.473563,42
0,89,1.473563,42
0,90,1.473563,42
0,91,1.473563,42
0,92,1.473563,42
0,93,1.473563,42
0,94,1.473563,42
0,95,1.473563,42
0,96,1.473563,42
0,97,1.473563,42
0,98,1.473563,42
0,99,1.473563,42
0,100,1.473563,42
0,101,1.473563,42
0,102,1.473563,42
0,103,1.473563,42
0,104,1.473563,42
0,105,1.473563,42
0,106,1.473563,42
0,107,1.473563,42
0,108,1.473563,42
0,109,1.473563,42
0,110,1.473563,42
0,111,1.473563,42
0,112,1.473563,42
0,113,1.473563,42
0,114,1.473563,42
0,115,1.473563,42
0,116,1.473563,42
0,117,1.473563,42
0,118,1.473563,42
0,119,1.473563,42
0,120,1.473563,42
0,121,1.473563,42
0,122,1.473563,42
0,123,1.473563,42
0,124,1.473563,42
0,125,1.473563,42
0,126,1.473563,42
0,127,1.473563,42
0,128,1.473563,42
0,129,1.473563,42
0,130,1.473563,42
0,131,1.473563,42
0,132,1.473563,42
0,133,1.473563,42
0,134,1.473563,42
0,135,1.473563,42
0,136,1.473563,42
0,137,1.473563,42
0,138,1.473563,42
0,139,1.473563,42
0,140,1.473563,42
0,141,1.473563,42
0,142,1.473563,42
0,143,1.473563,42
0,144,1.473563,42
0,145,1.473563,42
0,146,1.473563,42
0,147,1.473563,42
0,148,1.473563,42
0,149,1.473563,42
0,150,1.473563,42
0,151,1.473563,42
0,152,1.473563,42
0,153,1.473563,42
0,154,1.473563,42
0,155,1.473563,42
0,156,1.473563,42
0,157,1.473563,42
0,158,1.473563,42
0,159,1.473563,42
0,160,1.473563,42
0,161,1.473563,42
0,162,1.473563,42
0,163,1.473563,42
0,164,1.473563,42
0,165,1.473563,42
0,166,1.473563,42
0,167,1.473563,42
0,168,1.473563,42
0,169,1.473563,42
0,170,1.473563,42
0,171,1.473563,42
0,172,1.473563,42
0,173,1.473563,42
0,174,1.473563,42
0,175,1.473563,42
0,176,1.473563,42
0,177,1.473563,42
0,178,1.473563,42
0,179,1.473563,42
0,180,1.473563,42
0,181,1.473563,42
0,182,1.473563,42
0,183,1.473563,42
0,184,1.473563,42
0,185,1.473563,42
0,186,1.473563,42
0,187,1.473563,42
0,188,1.473563,42
0,189,1.473563,42
0,190,1.473563,42
0,191,1.473563,42
0,192,1.473563,42
0,193,1.473563,42
0,194,1.473563,42
0,195,1.473563,42
0,196,1.473563,42
0,197,1.473563,42
0,198,1.473563,42
0,199,1.473563,42
0,200,1.473563,42
0,201,1.473563,42
0,202,1.473563,42
0,203,1.473563,42
0,204,1.473563,42
0,205,1.473563,42
0,206,1.473563,42
0,207,1.473563,42
0,208,1.473563,42
0,209,1.473563,42
0,210,1.473563,42
0,211,1.473563,42
0,212,1.473563,42
0,213,1.473563,42
0,214,1.473563,42
0,215,1.473563,42
0,216,1.473563,42
0,217,1.473563,42
0,218,1.473563,42
0,219,1.473563,42
0,220,1.473563,42
0,221,1.473563,42
0,222,1.473563,42
0,223,1.473563,42
0,224,1.473563,42
0,225,1.473563,42
0,226,1.473563,42
0,227,1.473563,42
0,228,1.473563,42
0,229,1.473563,42
0,230,1.473563,42
0,231,1.473563,42
0,232,1.473563,42
0,233,1.473563,42
0,234,1.473563,42
0,235,1.473563,42
0,236,1.473563,42
0,237,1.473563,42
0,238,1.473563,42
0,239,1.473563,42
0,240,1.473563,42
0,241,1.473563,42
0,242,1.473563,42
0,243,1.473563,42
0,244,1.473563,42
0,245,1.473563,42
0,246,1.473563,42
0,247,1.473563,42
0,248,1.473563,42
0,249,1.473563,42
0,250,1.473563,42
0,251,1.473563,42
0,252,1.473563,42
0,253,1.473563,42
0,254,1.473563,42
0,255,1.473563,42
0,256,1.473563,42
0,257,1.473563,42
0,258,1.473563,42
0,259,1.473563,42
0,260,1.473563,42
0,261,1.473563,42
0,262,1.473563,42
0,263,1.473563,42
0,264,1.473563,42
0,265,1.473563,42
0,266,1.473563,42
0,267,1.473563,42
0,268,1.473563,42
0,269,1.473563,42
0,270,1.473563,42
0,271,1.473563,42
0,272,1.473563,42
0,273,1.473563,42
0,274,1.473563,42
0,275,1.473563,42
0,276,1.473563,42
0,277,1.473563,42
0,278,1.473563,42
0,279,1.473563,42
0,280,1.473563,42
0,281,1.473563,42
0,282,1.473563,42
0,283,1.473563,42
0,284,1.473563,42
0,285,1.473563,42
0,286,1.473563,42
0,287,1.473563,42
0,288,1.473563,42
0,289,1.473563,42
0,290,1.473563,42
0,291,1.473563,42
0,292,1.473563,42
0,293,1.473563,42
0,294,1.473563,42
0,295,1.473563,42
0,296,1.473563,42
0,297,1.473563,42
0,298,1.473563,42
0,299,1.473563,42
